{
  "head": {
    "optimistic": {
      "z_geometric_mean_rank": 19.0833258847469,
      "inverse_arithmetic_mean_rank": 0.0007131443060709711,
      "z_inverse_harmonic_mean_rank": 459.0497872729102,
      "count": 378.0,
      "z_arithmetic_mean_rank": 24.440109254578147,
      "adjusted_geometric_mean_rank_index": 0.9774803918807725,
      "adjusted_inverse_harmonic_mean_rank": 0.2988852276277363,
      "median_absolute_deviation": 262.42059267549155,
      "adjusted_arithmetic_mean_rank_index": 0.7261071797006498,
      "variance": 5132485.569028023,
      "adjusted_arithmetic_mean_rank": 0.27403472073943524,
      "standard_deviation": 2265.4989669006745,
      "inverse_geometric_mean_rank": 0.011644299057183859,
      "arithmetic_mean_rank": 1402.2407407407406,
      "inverse_median_rank": 0.0056179775280898875,
      "inverse_harmonic_mean_rank": 0.29955782528477415,
      "median_rank": 178.0,
      "harmonic_mean_rank": 3.3382536378388767,
      "geometric_mean_rank": 85.87893484091323,
      "hits_at_1": 0.2830687830687831,
      "hits_at_3": 0.30158730158730157,
      "hits_at_5": 0.31216931216931215,
      "hits_at_10": 0.3201058201058201,
      "z_hits_at_k": 198.5016761366563,
      "adjusted_hits_at_k": 0.3194402644243161
    },
    "realistic": {
      "z_geometric_mean_rank": 19.08306323690732,
      "inverse_arithmetic_mean_rank": 0.0007131429738365114,
      "z_inverse_harmonic_mean_rank": 458.64308858329525,
      "count": 378.0,
      "z_arithmetic_mean_rank": 24.440091704922146,
      "adjusted_geometric_mean_rank_index": 0.9774669386119499,
      "adjusted_inverse_harmonic_mean_rank": 0.29862042796157456,
      "median_absolute_deviation": 262.42059326171875,
      "adjusted_arithmetic_mean_rank_index": 0.7261066583064493,
      "variance": 5132502.5,
      "adjusted_arithmetic_mean_rank": 0.2740352420317414,
      "standard_deviation": 2265.502685546875,
      "inverse_geometric_mean_rank": 0.011637427844107151,
      "arithmetic_mean_rank": 1402.243408203125,
      "inverse_median_rank": 0.00561797758564353,
      "inverse_harmonic_mean_rank": 0.29929327964782715,
      "median_rank": 178.0,
      "harmonic_mean_rank": 3.3412044048309326,
      "geometric_mean_rank": 85.92964172363281,
      "hits_at_1": 0.2830687830687831,
      "hits_at_3": 0.30158730158730157,
      "hits_at_5": 0.31216931216931215,
      "hits_at_10": 0.3201058201058201,
      "z_hits_at_k": 198.5016761366563,
      "adjusted_hits_at_k": 0.3194402644243161
    },
    "pessimistic": {
      "z_geometric_mean_rank": 19.08284834978188,
      "inverse_arithmetic_mean_rank": 0.0007131416152091599,
      "z_inverse_harmonic_mean_rank": 458.3719442180248,
      "count": 378.0,
      "z_arithmetic_mean_rank": 24.440074444219327,
      "adjusted_geometric_mean_rank_index": 0.9774559317280945,
      "adjusted_inverse_harmonic_mean_rank": 0.29844388709916553,
      "median_absolute_deviation": 262.42059267549155,
      "adjusted_arithmetic_mean_rank_index": 0.7261061454969477,
      "variance": 5132519.2119551515,
      "adjusted_arithmetic_mean_rank": 0.2740357547410266,
      "standard_deviation": 2265.506391947538,
      "inverse_geometric_mean_rank": 0.011631812032164018,
      "arithmetic_mean_rank": 1402.2460317460318,
      "inverse_median_rank": 0.0056179775280898875,
      "inverse_harmonic_mean_rank": 0.2991169081456643,
      "median_rank": 178.0,
      "harmonic_mean_rank": 3.34317443370008,
      "geometric_mean_rank": 85.97112790636774,
      "hits_at_1": 0.2830687830687831,
      "hits_at_3": 0.30158730158730157,
      "hits_at_5": 0.31216931216931215,
      "hits_at_10": 0.3201058201058201,
      "z_hits_at_k": 198.5016761366563,
      "adjusted_hits_at_k": 0.3194402644243161
    }
  },
  "tail": {
    "optimistic": {
      "z_geometric_mean_rank": 19.500070671934843,
      "inverse_arithmetic_mean_rank": 0.06894036111617728,
      "z_inverse_harmonic_mean_rank": 697.9910257167082,
      "count": 378.0,
      "z_arithmetic_mean_rank": 33.58640586065654,
      "adjusted_geometric_mean_rank_index": 0.9988954490809184,
      "adjusted_inverse_harmonic_mean_rank": 0.44518609565372014,
      "median_absolute_deviation": 5.930408874022408,
      "adjusted_arithmetic_mean_rank_index": 0.9974652565118206,
      "variance": 341.0330407883318,
      "adjusted_arithmetic_mean_rank": 0.0027219178425611544,
      "standard_deviation": 18.467079920451198,
      "inverse_geometric_mean_rank": 0.18736099627660632,
      "arithmetic_mean_rank": 14.505291005291005,
      "inverse_median_rank": 0.2,
      "inverse_harmonic_mean_rank": 0.4456989546100576,
      "median_rank": 5.0,
      "harmonic_mean_rank": 2.243666918346041,
      "geometric_mean_rank": 5.337290150419951,
      "hits_at_1": 0.36243386243386244,
      "hits_at_3": 0.46825396825396826,
      "hits_at_5": 0.5132275132275133,
      "hits_at_10": 0.6111111111111112,
      "z_hits_at_k": 387.4564511044156,
      "adjusted_hits_at_k": 0.6107458591095393
    },
    "realistic": {
      "z_geometric_mean_rank": 19.500070671255752,
      "inverse_arithmetic_mean_rank": 0.06894036382436752,
      "z_inverse_harmonic_mean_rank": 697.9910133259432,
      "count": 378.0,
      "z_arithmetic_mean_rank": 33.58640586078409,
      "adjusted_geometric_mean_rank_index": 0.9988954490461318,
      "adjusted_inverse_harmonic_mean_rank": 0.4451860877507584,
      "median_absolute_deviation": 5.930408954620361,
      "adjusted_arithmetic_mean_rank_index": 0.9974652565156087,
      "variance": 341.03302001953125,
      "adjusted_arithmetic_mean_rank": 0.002721917838773705,
      "standard_deviation": 18.467079162597656,
      "inverse_geometric_mean_rank": 0.1873609870672226,
      "arithmetic_mean_rank": 14.505290985107422,
      "inverse_median_rank": 0.20000000298023224,
      "inverse_harmonic_mean_rank": 0.44569894671440125,
      "median_rank": 5.0,
      "harmonic_mean_rank": 2.243666887283325,
      "geometric_mean_rank": 5.337290287017822,
      "hits_at_1": 0.36243386243386244,
      "hits_at_3": 0.46825396825396826,
      "hits_at_5": 0.5132275132275133,
      "hits_at_10": 0.6111111111111112,
      "z_hits_at_k": 387.4564511044156,
      "adjusted_hits_at_k": 0.6107458591095393
    },
    "pessimistic": {
      "z_geometric_mean_rank": 19.500070671934843,
      "inverse_arithmetic_mean_rank": 0.06894036111617728,
      "z_inverse_harmonic_mean_rank": 697.9910257167082,
      "count": 378.0,
      "z_arithmetic_mean_rank": 33.58640586065654,
      "adjusted_geometric_mean_rank_index": 0.9988954490809184,
      "adjusted_inverse_harmonic_mean_rank": 0.44518609565372014,
      "median_absolute_deviation": 5.930408874022408,
      "adjusted_arithmetic_mean_rank_index": 0.9974652565118206,
      "variance": 341.0330407883318,
      "adjusted_arithmetic_mean_rank": 0.0027219178425611544,
      "standard_deviation": 18.467079920451198,
      "inverse_geometric_mean_rank": 0.18736099627660632,
      "arithmetic_mean_rank": 14.505291005291005,
      "inverse_median_rank": 0.2,
      "inverse_harmonic_mean_rank": 0.4456989546100576,
      "median_rank": 5.0,
      "harmonic_mean_rank": 2.243666918346041,
      "geometric_mean_rank": 5.337290150419951,
      "hits_at_1": 0.36243386243386244,
      "hits_at_3": 0.46825396825396826,
      "hits_at_5": 0.5132275132275133,
      "hits_at_10": 0.6111111111111112,
      "z_hits_at_k": 387.4564511044156,
      "adjusted_hits_at_k": 0.6107458591095393
    }
  },
  "both": {
    "optimistic": {
      "z_geometric_mean_rank": 27.435604571631277,
      "inverse_arithmetic_mean_rank": 0.0014116856198532295,
      "z_inverse_harmonic_mean_rank": 816.3696961538196,
      "count": 756.0,
      "z_arithmetic_mean_rank": 41.15271258351586,
      "adjusted_geometric_mean_rank_index": 0.9946914163194692,
      "adjusted_inverse_harmonic_mean_rank": 0.372036940999397,
      "median_absolute_deviation": 22.239033277584028,
      "adjusted_arithmetic_mean_rank_index": 0.8645409779031225,