{
  "model": "RotatE",
  "n_test_triples": 916.0,
  "n_test_triples_std": 0.0,
  "n_skipped": 0.0,
  "n_skipped_std": 0.0,
  "gene_pool_size": 799.0,
  "gene_pool_size_std": 0.0,
  "mrr_both": 0.30891399999999997,
  "mrr_both_std": 0.0034904728428490463,
  "hits_at_1_both": 0.13209633333333334,
  "hits_at_1_both_std": 0.004251487922546121,
  "hits_at_3_both": 0.40738699999999994,
  "hits_at_3_both_std": 0.005816683132736976,
  "hits_at_10_both": 0.6521106666666667,
  "hits_at_10_both_std": 0.002534511962664402,
  "mrr_head": 0.3091143333333333,
  "mrr_head_std": 0.003294651659213099,
  "hits_at_1_head": 0.13246,
  "hits_at_1_head_std": 0.004019696588881638,
  "hits_at_10_head": 0.651019,
  "hits_at_10_head_std": 0.0022430355919304114,
  "mrr_tail": 0.30871366666666666,
  "mrr_tail_std": 0.0036950512250245792,
  "hits_at_1_tail": 0.13173233333333334,
  "hits_at_1_tail_std": 0.0045741626799035325,
  "hits_at_10_tail": 0.6532023333333333,
  "hits_at_10_tail_std": 0.002865207535628508
}