{
  "model": "RotatE",
  "filtered_eval": true,
  "num_cells_evaluated": 30.0,
  "num_cells_evaluated_std": 0.0,
  "num_marker_triples_in_ground_truth": 320.0,
  "num_marker_triples_in_ground_truth_std": 0.0,
  "full_gene_pool_size": 799.0,
  "full_gene_pool_size_std": 0.0,
  "mean_gene_pool_size_per_cell": 732.6666666666666,
  "mean_gene_pool_size_per_cell_std": 0.0,
  "mean_num_true_markers_per_cell": 10.666666666666666,
  "mean_num_true_markers_per_cell_std": 0.0,
  "mean_positive_rr_macro": 0.22413392245478173,
  "mean_positive_rr_macro_std": 0.0023302934320576572,
  "precision@5_macro": 0.6955555555555556,
  "precision@5_macro_std": 0.0031426968052734863,
  "recall@5_macro": 0.36996943688120165,
  "recall@5_macro_std": 0.0011811842045464961,
  "overlap@5_macro": 3.477777777777778,
  "overlap@5_macro_std": 0.015713484026367668,
  "precision@10_macro": 0.6355555555555555,
  "precision@10_macro_std": 0.00955813918560292,
  "recall@10_macro": 0.635576057928999,
  "recall@10_macro_std": 0.00911379105959486,
  "overlap@10_macro": 6.355555555555555,
  "overlap@10_macro_std": 0.0955813918560292,
  "precision@20_macro": 0.4416666666666667,
  "precision@20_macro_std": 0.0,
  "recall@20_macro": 0.8433737885208474,
  "recall@20_macro_std": 0.00027467706471098876,
  "overlap@20_macro": 8.833333333333334,
  "overlap@20_macro_std": 0.0,
  "precision@30_macro": 0.31,
  "precision@30_macro_std": 0.0015713484026367562,
  "recall@30_macro": 0.8794477635654108,
  "recall@30_macro_std": 0.0033417816707660268,
  "overlap@30_macro": 9.299999999999999,
  "overlap@30_macro_std": 0.04714045207910384
}